candidate_id,title,source_url,decision,reason
ROB010,CEINMS-RT: An Open-Source Framework for the Continuous Neuro-Mechanical Model-Based Control of Wearable Robots,https://doi.org/10.1109/TMRB.2025.3643986,correct_existing,"Corrected 2026-10-01 from preprint to journal record. Early online 2025-12-15; issue 2026-03-09, 8(1):405-417. Year retains early-online convention (2025). Source: University of Twente publication record and IEEE DOI. Not a September-new study."
NMS020,Evidence-informed methodological approaches for coupled neuromusculoskeletal-finite element analysis workflows in orthopaedic biomechanics,https://doi.org/10.3389/fbioe.2026.1875782,include_core,Published 2026-09-03. Prospective outcome validation remains a future step; methodological guidance is not a validated longitudinal twin.
NMS021,Coupled Neuromusculoskeletal Finite Element Simulation Reveals Biomechanical Adaptation and Joint Tissue Risk of Ankle Exoskeleton Intervention after Stroke,https://doi.org/10.1177/21695172261486297,include_core,Published 2026-09-06. Predicted tissue loading is not direct evidence of degeneration. Abstract verified; full-text risk-of-bias and tissue validation pending.
ROB012,Personalized FES-cycling patterns via optimal control: from musculoskeletal simulation to experimental validation,https://doi.org/10.1186/s12984-026-02136-x,include_core,Published 2026-09-04 as peer-reviewed accepted article. Patterns transferred to cycling without empirical modification; not longitudinal clinical efficacy or continuous twin updating.
NEU013,Spinal reflexes with dynamic gain modulation contribute to robust walking: a comparative study of simulated neural controllers,https://doi.org/10.1186/s12984-026-02157-6,include_core,"Published 2026-09-22 as peer-reviewed accepted article. Evidence for controller architecture in simulation, not direct proof of human neural mechanisms or patient safety."
ROB013,UniExo: Unified Multi-Skill Policies for Musculoskeletal Locomotion and Co-Adaptive Exoskeleton Control,https://arxiv.org/abs/2609.19690,include_watch,Submitted 2026-09-17. Indexed arXiv abstract inspected; direct page unavailable. Co-adaptation is training-stage; no patient recovery claim. Journal DOI and peer review unverified.
EMB006,"MSK-Bench: Benchmarking Full-Body Musculoskeletal Motor Control Across Tasks, Control Paradigms, and Physiological Metrics",https://arxiv.org/abs/2609.26872,include_watch,Submitted 2026-09-22. Indexed arXiv abstract inspected; direct page unavailable. EMG similarity does not identify unique neural control. Journal DOI and conference acceptance unverified.
WEA008,Comparative Analysis of Muscle Fascia Tracking Algorithms for Real-Time Muscle Monitoring using Wearable Ultrasound,https://doi.org/10.1109/JBHI.2026.3734932,include_adjacent,"Journal online 2026-09-16; July medRxiv predecessor is the same study, not another record. Image count is not participant count; fascia displacement is not muscle force truth."
X001,"Mus siliconus: A Neuro-Musculoskeletal Digital Twin of the Mouse Integrating Neural Dynamics, Biomechanics, and Tactile Sensing",https://arxiv.org/abs/2609.02243,exclude,Animal-only framework; no direct human validation bridge established from indexed abstract.
X002,3D Digital Twin Visualization of Multiclass GRF-Based Gait Disorder Classification,https://arxiv.org/abs/2609.12442,exclude,Indexed abstract describes classification and visualization; no internal NMS state or treatment/control model.
X003,SEED-UMI: Sharing the Exoskeleton between human and robot for onE-to-one Dexterous demonstration,https://arxiv.org/abs/2609.11753,exclude,Robot demonstration/retargeting without human biological state model in indexed abstract.
X004,Cross-Center Machine learning classification of gait in patients with ankle or subtalar Arthrodesis: A comparison of optical and IMU-Based systems,https://doi.org/10.1016/j.jbiomech.2026.113486,exclude,Classification-only bridge insufficient for core map; online 2026-07-25 predates incremental window.
X005,LoComposition: Terrain-Adaptive Energy-Efficient Quadruped Locomotion without Gait Priors,https://serverofleo.bounceme.net/,exclude,"CoRL search hit resolved on author page to quadruped locomotion, not human NMS."
D001,Exposing implausible knee loading: 3D load-balancing reveals limitations in traditional two-step musculoskeletal modeling,https://doi.org/10.1016/j.jbiomech.2026.113514,defer_backfill,Relevant credibility study; online 2026-08-09 precedes window despite September issue. Full screening retained for backfill.
D002,Femoral neck anteversion alters patellofemoral joint mechanics during walking: insights from musculoskeletal modeling and Monte Carlo simulations,https://doi.org/10.1016/j.jbiomech.2026.113505,defer_backfill,"Online 2026-07-31, not September-new."
D003,Longitudinal Monitoring of Full-Course Gait Rehabilitation Using Musculoskeletal Modeling and Muscle Coordination Analysis,https://doi.org/10.1109/TBME.2025.3649508,defer_verification,September 2026 issue and DOI verified from PubMed index; first online date and full abstract not retrieved. High-priority counter-evidence to broad longitudinal-gap claims.
D004,Physics-Informed Neural Networks for Real-Time Muscle-Tendon Force Estimation From Wearable Sensors,https://doi.org/10.1109/TNSRE.2026.3716076,defer_verification,"Metadata and abstract opening located; first online date, cohort and force-reference evidence require verification."
D005,Neuromuscular Adaptations in Degenerative Rotator Cuff Tears: Contributions of Aging and Pathology,https://doi.org/10.1109/TNSRE.2026.3737618,defer_verification,2026-09-25 metadata located; insufficient primary abstract/full text to establish core modeling relevance.
D006,MyoChallenge 2025: A New Benchmark for Human Athletic Intelligence,https://arxiv.org/abs/2605.15650,defer_status_check,May preprint; author webpage reports NeurIPS 2026 acceptance on 2026-09-25. Official proceedings acceptance/version and full author list not verified; do not label as published NeurIPS paper.
D007,Effects of an actuated ankle exoskeleton on walking stability in healthy adults: a controlled laboratory study,https://doi.org/10.1186/s12984-026-02151-y,defer_scope_screen,2026-09-08 publisher search hit; full scope and NMS bridge not yet assessed.
D008,Forward head posture and neck flexion influence cervical loading during smartphone use,https://doi.org/10.1038/s41598-026-70648-6,defer_verification,2026-09-08 search hit exposed through non-primary mirror; do not admit without primary metadata/method verification.
V001,Wearable ultrasound fascia tracking medRxiv predecessor,https://www.medrxiv.org/content/10.64898/2026.07.30.26359276v1,duplicate_version,Linked by exact title and abstract to WEA008; not separately counted.
V002,Foundation Models Meet Musculoskeletal Digital Twins,https://doi.org/10.1109/JBHI.2026.3712750,already_mapped,DT006; no verified new version change.
